,Station Code,Name,Date,Temp,Prec,WS,Humi,Pres,cbwd
0,108,서울,2018-01-01,-1.3,,1.4,39.1,1016.8,290
1,108,서울,2018-01-02,-1.8,,1.8,42.0,1018.1,290
2,108,서울,2018-01-03,-4.7,,2.2,42.3,1019.9,290
3,108,서울,2018-01-04,-4.7,,1.4,43.0,1016.5,290
4,108,서울,2018-01-05,-3.0,,1.7,48.4,1010.3,290
5,108,서울,2018-01-06,-2.8,,1.5,45.8,1012.9,290
6,108,서울,2018-01-07,-0.8,,0.8,42.1,1010.7,90
7,108,서울,2018-01-08,1.3,0.9,1.8,51.9,1000.6,270
8,108,서울,2018-01-09,-4.2,0.5,2.9,59.4,1002.8,290
9,108,서울,2018-01-10,-7.5,0.3,3.0,52.0,1007.9,290
10,108,서울,2018-01-11,-11.1,,2.8,49.8,1015.9,290
11,108,서울,2018-01-12,-10.2,0.0,1.7,35.4,1020.6,290
12,108,서울,2018-01-13,-4.4,0.4,0.8,67.3,1021.1,50
13,108,서울,2018-01-14,0.6,,1.2,64.1,1017.9,90
14,108,서울,2018-01-15,4.7,0.2,1.4,63.9,1012.8,290
15,108,서울,2018-01-16,3.5,0.0,0.7,59.1,1007.6,20
16,108,서울,2018-01-17,4.5,,1.2,64.1,1007.2,290
17,108,서울,2018-01-18,2.1,0.0,1.9,59.6,1012.9,290
18,108,서울,2018-01-19,1.0,,1.6,43.0,1013.5,290
19,108,서울,2018-01-20,2.2,,1.6,57.6,1012.0,270
20,108,서울,2018-01-21,0.4,,1.0,36.6,1012.7,290
21,108,서울,2018-01-22,0.2,3.3,1.5,56.5,1005.2,290
22,108,서울,2018-01-23,-11.7,,3.7,42.0,1013.4,290
23,108,서울,2018-01-24,-14.2,,3.4,31.6,1018.3,290
24,108,서울,2018-01-25,-14.0,,2.8,32.6,1019.1,340
25,108,서울,2018-01-26,-14.8,,2.6,34.9,1018.9,320
26,108,서울,2018-01-27,-9.9,,1.4,37.4,1017.8,270
27,108,서울,2018-01-28,-6.3,,2.6,36.0,1011.6,290
28,108,서울,2018-01-29,-8.5,,2.7,35.0,1013.0,270
29,108,서울,2018-01-30,-5.3,2.9,1.3,62.0,1014.7,200
30,108,서울,2018-01-31,-2.6,0.0,1.6,54.5,1016.6,290
31,108,서울,2018-02-01,-4.0,,1.6,44.1,1018.3,290
32,108,서울,2018-02-02,-2.4,,1.6,51.1,1017.5,290
33,108,서울,2018-02-03,-7.3,0.5,3.8,47.0,1017.2,290
34,108,서울,2018-02-04,-9.5,,3.1,40.9,1017.3,290
35,108,서울,2018-02-05,-9.4,,3.0,37.8,1015.1,290
36,108,서울,2018-02-06,-10.1,,3.1,36.5,1014.4,290
37,108,서울,2018-02-07,-8.0,,1.5,39.8,1015.4,290
38,108,서울,2018-02-08,-4.4,,1.2,43.3,1014.0,20
39,108,서울,2018-02-09,0.4,,1.1,43.9,1011.8,230
40,108,서울,2018-02-10,-0.5,,3.0,47.4,1010.9,290
41,108,서울,2018-02-11,-6.1,0.0,2.7,42.5,1011.3,270
42,108,서울,2018-02-12,-5.8,0.0,2.7,40.8,1011.0,270
43,108,서울,2018-02-13,-0.8,,2.7,54.5,1011.0,200
44,108,서울,2018-02-14,3.5,,2.6,51.0,1006.3,250
45,108,서울,2018-02-15,-0.7,,2.5,28.0,1011.5,290
46,108,서울,2018-02-16,-1.1,,2.1,40.1,1008.1,270
47,108,서울,2018-02-17,-3.0,,2.9,25.6,1014.1,290
48,108,서울,2018-02-18,-0.4,,1.3,26.9,1015.5,270
49,108,서울,2018-02-19,1.8,,1.5,48.6,1013.3,290
50,108,서울,2018-02-20,0.9,,2.5,41.0,1012.8,290
51,108,서울,2018-02-21,-0.9,,2.3,31.5,1013.4,290
52,108,서울,2018-02-22,1.3,0.4,2.2,59.0,1010.6,230
53,108,서울,2018-02-23,4.2,3.7,1.9,81.1,1010.1,230
54,108,서울,2018-02-24,2.4,,2.1,49.4,1016.8,290
55,108,서울,2018-02-25,1.9,,1.7,40.6,1014.6,290
56,108,서울,2018-02-26,3.1,,1.4,43.1,1013.9,290
57,108,서울,2018-02-27,4.2,,0.9,48.8,1012.5,90
58,108,서울,2018-02-28,4.6,25.0,2.0,73.3,1000.1,90
59,108,서울,2018-03-01,-0.2,0.5,3.8,61.9,1001.1,290
60,108,서울,2018-03-02,-0.7,,1.5,34.0,1007.5,290
61,108,서울,2018-03-03,7.9,0.0,1.5,38.1,1003.7,270
62,108,서울,2018-03-04,9.8,11.5,1.2,89.1,1003.0,90
63,108,서울,2018-03-05,5.5,3.5,2.0,67.5,1007.9,50
64,108,서울,2018-03-06,4.5,,1.6,46.8,1018.8,20
65,108,서울,2018-03-07,6.4,0.5,1.8,54.0,1016.7,90
66,108,서울,2018-03-08,4.6,4.0,1.9,76.0,1009.3,320
67,108,서울,2018-03-09,4.5,,1.5,63.3,1012.6,290
68,108,서울,2018-03-10,4.6,,2.0,65.8,1013.4,290
69,108,서울,2018-03-11,6.4,,2.0,51.3,1014.7,290
70,108,서울,2018-03-12,8.0,,1.4,45.8,1011.8,290
71,108,서울,2018-03-13,12.4,,1.8,60.5,1008.3,230
72,108,서울,2018-03-14,17.0,,2.3,58.8,1008.5,230
73,108,서울,2018-03-15,12.4,27.0,2.1,92.1,1003.3,270
74,108,서울,2018-03-16,7.1,,1.9,46.9,1014.1,90
75,108,서울,2018-03-17,6.6,,1.5,48.0,1016.6,270
76,108,서울,2018-03-18,8.2,0.5,1.2,55.9,1010.7,290
77,108,서울,2018-03-19,8.0,1.0,2.5,64.5,1006.2,90
78,108,서울,2018-03-20,4.7,,3.4,39.9,1013.0,90
79,108,서울,2018-03-21,2.1,1.0,1.7,64.1,1007.5,20
80,108,서울,2018-03-22,4.9,,2.2,61.5,1004.4,270
81,108,서울,2018-03-23,6.1,,2.0,55.3,1009.1,270
82,108,서울,2018-03-24,7.6,,2.1,61.9,1011.8,270
83,108,서울,2018-03-25,9.6,,1.7,65.6,1014.0,290
84,108,서울,2018-03-26,11.0,,1.9,64.5,1011.3,290
85,108,서울,2018-03-27,13.3,,1.6,61.1,1007.3,250
86,108,서울,2018-03-28,14.0,,2.2,66.4,1006.6,250
87,108,서울,2018-03-29,15.4,,1.6,66.3,1009.6,270
88,108,서울,2018-03-30,14.8,,1.7,55.6,1012.7,90
89,108,서울,2018-03-31,14.0,,1.9,52.9,1009.9,270
90,108,서울,2018-04-01,15.6,,1.5,68.8,1006.3,200
91,108,서울,2018-04-02,18.4,,1.9,64.0,1005.4,230
92,108,서울,2018-04-03,17.8,0.1,2.1,72.9,1006.4,230
93,108,서울,2018-04-04,13.4,18.5,1.9,67.0,1007.4,90
94,108,서울,2018-04-05,7.6,10.5,2.0,90.6,1005.7,90
95,108,서울,2018-04-06,5.8,6.5,3.1,71.6,1001.0,270
96,108,서울,2018-04-07,4.2,0.2,4.1,45.5,1003.4,270
97,108,서울,2018-04-08,3.9,3.0,1.8,59.6,1004.7,90
98,108,서울,2018-04-09,7.9,,1.1,57.9,1007.5,20
99,108,서울,2018-04-10,15.1,5.0,3.5,51.0,1000.0,200
100,108,서울,2018-04-11,12.6,,3.0,49.4,1000.8,270
101,108,서울,2018-04-12,13.3,,2.6,30.5,1007.7,320
102,108,서울,2018-04-13,14.6,,1.3,22.9,1011.8,110
103,108,서울,2018-04-14,9.0,9.0,1.8,78.8,999.5,290
104,108,서울,2018-04-15,9.5,,2.4,65.5,1002.3,270
105,108,서울,2018-04-16,11.6,,1.6,41.9,1009.3,270
106,108,서울,2018-04-17,12.9,,1.9,37.9,1009.5,290
107,108,서울,2018-04-18,12.4,,1.9,35.4,1007.4,290
108,108,서울,2018-04-19,14.0,,1.9,38.8,1007.8,290
109,108,서울,2018-04-20,18.4,,1.3,46.0,1009.3,20
110,108,서울,2018-04-21,18.7,,1.9,32.0,1008.1,270
111,108,서울,2018-04-22,15.5,15.5,1.1,57.4,1007.9,110
112,108,서울,2018-04-23,9.3,59.0,2.2,93.9,1005.0,110
113,108,서울,2018-04-24,12.1,3.0,1.4,63.3,1001.6,110
114,108,서울,2018-04-25,14.6,,1.5,37.8,1003.2,290
115,108,서울,2018-04-26,14.9,,2.1,51.9,1003.7,290
116,108,서울,2018-04-27,15.7,,1.7,52.9,1004.2,290
117,108,서울,2018-04-28,15.4,,2.0,49.0,1006.2,290
118,108,서울,2018-04-29,16.2,,1.9,43.1,1003.4,290
119,108,서울,2018-04-30,19.2,,1.6,61.6,1004.4,290
120,108,서울,2018-05-01,20.4,0.0,1.5,72.8,1003.5,320
121,108,서울,2018-05-02,15.1,12.0,1.9,90.4,994.9,70
122,108,서울,2018-05-03,11.2,1.0,2.7,62.4,997.4,290
123,108,서울,2018-05-04,14.1,,2.7,45.5,1001.5,270
124,108,서울,2018-05-05,18.3,,2.6,46.8,1004.7,230
125,108,서울,2018-05-06,16.6,22.0,1.1,86.4,997.7,90
126,108,서울,2018-05-07,19.2,,1.2,60.3,996.5,290
127,108,서울,2018-05-08,17.5,,1.7,50.9,1003.9,110
128,108,서울,2018-05-09,15.7,,1.7,50.4,1010.6,90
129,108,서울,2018-05-10,15.4,,2.3,67.4,1012.1,270
130,108,서울,2018-05-11,16.1,,1.8,59.8,1008.2,290
131,108,서울,2018-05-12,14.2,32.0,0.9,89.3,999.8,50
132,108,서울,2018-05-13,15.8,0.5,1.9,82.5,998.3,270
133,108,서울,2018-05-14,18.2,,1.4,71.4,1001.3,270
134,108,서울,2018-05-15,23.2,0.0,1.1,56.4,1000.0,230
135,108,서울,2018-05-16,22.3,45.0,1.9,93.8,995.1,200
136,108,서울,2018-05-17,20.9,83.0,1.4,97.0,994.0,270
137,108,서울,2018-05-18,16.3,6.5,1.3,86.8,996.2,70
138,108,서울,2018-05-19,17.6,,1.5,47.5,1005.9,90
139,108,서울,2018-05-20,17.0,,1.4,32.1,1009.2,90
140,108,서울,2018-05-21,17.8,,1.4,43.9,1007.9,110
141,108,서울,2018-05-22,18.1,12.5,1.1,75.5,1002.0,290
142,108,서울,2018-05-23,17.3,6.5,2.5,57.1,998.4,320
143,108,서울,2018-05-24,18.3,,2.2,47.4,999.5,230
144,108,서울,2018-05-25,19.7,,1.8,47.4,998.5,290
145,108,서울,2018-05-26,21.8,,1.4,50.1,998.8,290
146,108,서울,2018-05-27,20.3,,1.7,47.4,1000.4,320
147,108,서울,2018-05-28,22.3,,1.6,49.8,999.9,270
148,108,서울,2018-05-29,21.4,1.0,1.8,69.3,1001.2,290
149,108,서울,2018-05-30,20.2,0.0,1.9,69.8,1000.0,270
150,108,서울,2018-05-31,20.9,,1.9,58.9,1001.4,290
151,108,서울,2018-06-01,23.8,,1.9,50.4,1004.7,290
152,108,서울,2018-06-02,23.4,,2.0,44.5,1005.1,270
153,108,서울,2018-06-03,24.0,,1.6,39.4,1003.0,270
154,108,서울,2018-06-04,22.6,,1.9,50.1,1002.6,290
155,108,서울,2018-06-05,23.7,,1.7,52.5,1001.6,290
156,108,서울,2018-06-06,23.0,,2.0,62.9,1002.1,270
157,108,서울,2018-06-07,22.2,,2.0,69.3,1001.7,270
158,108,서울,2018-06-08,21.9,,2.1,68.0,998.8,290
159,108,서울,2018-06-09,23.7,0.5,1.4,60.6,997.1,90
160,108,서울,2018-06-10,21.3,0.5,1.4,59.9,994.7,90
161,108,서울,2018-06-11,20.2,5.0,1.4,67.3,990.9,70
162,108,서울,2018-06-12,21.3,0.0,1.7,65.5,993.0,290
163,108,서울,2018-06-13,22.0,0.0,1.5,64.0,996.2,50
164,108,서울,2018-06-14,21.6,29.0,1.1,74.9,997.7,90
165,108,서울,2018-06-15,21.7,16.5,1.4,60.8,1001.0,90
166,108,서울,2018-06-16,22.5,,1.4,56.4,1002.1,290
167,108,서울,2018-06-17,22.8,,1.3,66.9,1000.3,270
168,108,서울,2018-06-18,24.8,,1.5,54.9,996.9,290
169,108,서울,2018-06-19,22.4,,1.8,61.3,994.8,250
170,108,서울,2018-06-20,22.7,,2.3,68.1,994.0,290
171,108,서울,2018-06-21,23.7,,2.2,60.1,997.1,290
172,108,서울,2018-06-22,25.0,,1.8,45.1,998.3,290
173,108,서울,2018-06-23,24.5,,2.0,50.6,994.8,270
174,108,서울,2018-06-24,25.2,,1.9,62.8,998.1,270
175,108,서울,2018-06-25,27.1,,1.2,57.1,1000.2,290
176,108,서울,2018-06-26,22.3,71.5,2.4,88.3,993.7,230
177,108,서울,2018-06-27,22.3,1.0,2.0,81.9,992.3,250
178,108,서울,2018-06-28,23.3,26.5,1.1,85.1,989.6,180
179,108,서울,2018-06-29,24.7,6.5,1.5,78.5,993.1,270
180,108,서울,2018-06-30,24.4,14.5,0.9,83.8,999.6,50
181,108,서울,2018-07-01,21.9,83.5,0.8,94.6,999.3,110
182,108,서울,2018-07-02,22.6,59.5,0.7,95.4,997.5,50
183,108,서울,2018-07-03,27.4,0.1,0.8,74.4,990.1,70
184,108,서울,2018-07-04,27.3,,1.7,69.6,988.1,290
185,108,서울,2018-07-05,25.3,0.5,1.2,72.8,993.3,90
186,108,서울,2018-07-06,23.9,,1.8,57.8,998.2,90
187,108,서울,2018-07-07,23.7,,1.6,51.4,1000.3,90
188,108,서울,2018-07-08,23.3,,1.5,51.5,1002.4,90
189,108,서울,2018-07-09,20.8,14.0,1.1,82.3,1004.9,90
190,108,서울,2018-07-10,23.7,16.5,0.7,87.8,1004.4,110
191,108,서울,2018-07-11,26.8,3.0,1.3,82.9,1004.9,50
192,108,서울,2018-07-12,26.6,1.0,1.5,82.4,1003.4,290
193,108,서울,2018-07-13,27.3,,1.8,74.8,1002.4,290
194,108,서울,2018-07-14,27.9,0.0,1.9,69.6,1001.4,290
195,108,서울,2018-07-15,28.3,,1.6,69.6,1002.3,290
196,108,서울,2018-07-16,28.7,,1.7,64.3,1002.4,290
197,108,서울,2018-07-17,28.1,,1.7,66.5,1002.2,290
198,108,서울,2018-07-18,28.2,,1.6,64.8,1001.9,290
199,108,서울,2018-07-19,28.7,,1.6,64.1,1001.1,290
200,108,서울,2018-07-20,29.5,,1.5,62.6,999.4,290
201,108,서울,2018-07-21,30.6,,1.5,53.6,999.0,290
202,108,서울,2018-07-22,31.8,,1.4,49.6,998.6,270
203,108,서울,2018-07-23,31.7,,1.8,53.8,999.0,290
204,108,서울,2018-07-24,31.4,,1.6,59.5,997.4,290
205,108,서울,2018-07-25,30.1,,2.4,66.3,997.5,230
206,108,서울,2018-07-26,30.1,,1.5,68.8,997.5,290
207,108,서울,2018-07-27,30.9,,1.9,69.3,997.2,290
208,108,서울,2018-07-28,29.5,7.5,1.2,77.1,996.1,270
209,108,서울,2018-07-29,31.3,,1.2,52.4,994.2,50
210,108,서울,2018-07-30,31.7,,1.2,50.9,994.3,70
211,108,서울,2018-07-31,32.6,,1.5,50.5,994.7,90
212,108,서울,2018-08-01,33.6,,1.7,55.5,993.4,270
213,108,서울,2018-08-02,33.7,,1.6,54.4,995.6,290
214,108,서울,2018-08-03,33.1,,1.9,55.3,997.4,270
215,108,서울,2018-08-04,31.1,,2.4,60.6,998.2,270
216,108,서울,2018-08-05,30.0,2.0,2.6,71.8,997.6,270
217,108,서울,2018-08-06,30.5,6.5,1.6,71.6,996.8,290
218,108,서울,2018-08-07,30.5,,1.5,63.4,997.2,90
219,108,서울,2018-08-08,31.0,,2.1,64.8,996.8,290
220,108,서울,2018-08-09,28.8,2.0,1.5,76.3,994.5,290
221,108,서울,2018-08-10,30.7,,1.4,60.9,993.6,340
222,108,서울,2018-08-11,31.0,,1.5,55.8,995.3,110
223,108,서울,2018-08-12,30.6,5.0,1.5,61.3,997.4,160
224,108,서울,2018-08-13,30.5,1.0,1.4,68.6,1000.4,50
225,108,서울,2018-08-14,31.7,,1.3,58.3,1000.0,290
226,108,서울,2018-08-15,31.7,1.0,1.2,59.5,997.3,70
227,108,서울,2018-08-16,29.9,,1.7,51.0,999.6,90
228,108,서울,2018-08-17,27.2,,1.8,39.8,1002.4,110
229,108,서울,2018-08-18,26.7,,1.4,44.6,1001.1,110
230,108,서울,2018-08-19,28.2,,1.2,50.6,999.8,20
231,108,서울,2018-08-20,29.1,0.0,2.0,55.6,995.3,140
232,108,서울,2018-08-21,26.6,5.0,2.5,71.4,993.9,290
233,108,서울,2018-08-22,30.7,,1.1,54.1,994.7,110
234,108,서울,2018-08-23,29.4,3.0,1.7,59.1,990.2,70
235,108,서울,2018-08-24,24.4,7.5,2.5,86.3,987.5,290
236,108,서울,2018-08-25,25.2,,2.6,68.0,999.2,200
237,108,서울,2018-08-26,23.2,2.0,1.2,70.0,1002.0,50
238,108,서울,2018-08-27,22.7,19.5,0.8,91.0,1001.6,70
239,108,서울,2018-08-28,23.7,96.5,0.9,92.4,1001.5,90
240,108,서울,2018-08-29,25.2,42.0,2.4,86.0,999.1,200
241,108,서울,2018-08-30,25.3,9.5,1.8,80.9,999.2,290
242,108,서울,2018-08-31,25.6,0.1,1.6,67.4,1000.3,290
243,108,서울,2018-09-01,25.5,,1.3,59.4,1001.5,70
244,108,서울,2018-09-02,25.1,,1.5,55.8,999.2,90
245,108,서울,2018-09-03,23.3,34.5,1.0,85.3,991.9,70
246,108,서울,2018-09-04,23.2,,2.2,69.4,988.0,290
247,108,서울,2018-09-05,24.0,,2.5,63.5,992.9,270
248,108,서울,2018-09-06,24.1,1.0,2.0,69.9,994.2,200
249,108,서울,2018-09-07,22.0,0.5,2.5,54.6,995.7,290
250,108,서울,2018-09-08,21.7,,1.7,48.8,1003.5,290
251,108,서울,2018-09-09,22.2,,1.2,49.0,1006.4,70
252,108,서울,2018-09-10,22.9,,1.6,49.5,1010.6,90
253,108,서울,2018-09-11,21.6,,1.5,48.1,1010.8,70
254,108,서울,2018-09-12,22.8,,1.4,52.0,1008.1,70
255,108,서울,2018-09-13,23.5,,1.2,63.5,1007.0,70
256,108,서울,2018-09-14,23.5,0.5,1.3,66.9,1005.6,70
257,108,서울,2018-09-15,23.3,0.2,1.0,76.0,1004.4,70
258,108,서울,2018-09-16,22.2,2.0,1.7,83.6,1005.4,270
259,108,서울,2018-09-17,22.3,0.1,1.9,64.3,1007.0,290
260,108,서울,2018-09-18,22.0,,1.2,59.8,1006.6,290
261,108,서울,2018-09-19,22.1,0.2,1.0,59.1,1004.1,50
262,108,서울,2018-09-20,19.0,5.0,1.8,82.4,1000.7,90
263,108,서울,2018-09-21,19.4,18.0,1.3,85.8,1000.3,90
264,108,서울,2018-09-22,20.8,6.5,1.8,62.3,1004.6,270
265,108,서울,2018-09-23,19.4,0.0,1.6,52.9,1005.8,270
266,108,서울,2018-09-24,17.6,,2.1,48.3,1008.7,320
267,108,서울,2018-09-25,17.8,,1.1,48.0,1009.5,20
268,108,서울,2018-09-26,19.4,,1.7,47.9,1009.8,90
269,108,서울,2018-09-27,18.9,,1.3,47.6,1008.9,70
270,108,서울,2018-09-28,17.5,,1.2,58.1,1008.5,70
271,108,서울,2018-09-29,20.2,,1.0,55.5,1003.9,70
272,108,서울,2018-09-30,17.6,,2.3,52.5,996.1,270
273,108,서울,2018-10-01,15.4,0.0,2.9,55.1,997.9,270
274,108,서울,2018-10-02,15.9,,1.6,61.4,1007.1,290
275,108,서울,2018-10-03,17.3,,1.3,58.0,1011.7,290
276,108,서울,2018-10-04,19.3,,1.3,56.5,1013.5,70
277,108,서울,2018-10-05,16.9,36.5,1.7,84.1,1008.1,70
278,108,서울,2018-10-06,18.0,55.5,2.2,84.0,997.1,90
279,108,서울,2018-10-07,16.4,,1.7,53.5,1006.6,290
280,108,서울,2018-10-08,14.8,,1.1,47.0,1009.3,20
281,108,서울,2018-10-09,15.3,0.0,1.1,52.5,1005.9,70
282,108,서울,2018-10-10,12.0,7.0,2.5,61.0,1007.1,290
283,108,서울,2018-10-11,9.7,,2.1,51.0,1012.5,320
284,108,서울,2018-10-12,10.9,,1.3,54.0,1015.6,290
285,108,서울,2018-10-13,12.5,,1.0,54.0,1015.2,50
286,108,서울,2018-10-14,13.2,,1.5,60.0,1012.5,290
287,108,서울,2018-10-15,15.2,,1.4,69.9,1009.9,320
288,108,서울,2018-10-16,14.5,,1.3,55.9,1006.5,290
289,108,서울,2018-10-17,12.4,,1.3,53.3,1005.8,290
290,108,서울,2018-10-18,12.7,,1.1,59.5,1010.0,50
291,108,서울,2018-10-19,13.1,,1.4,54.3,1014.9,270
292,108,서울,2018-10-20,13.4,,1.2,53.9,1015.3,270
293,108,서울,2018-10-21,13.4,,1.1,49.5,1013.1,270
294,108,서울,2018-10-22,14.0,,1.0,50.0,1009.9,20
295,108,서울,2018-10-23,12.2,5.0,1.1,75.1,1007.2,50
296,108,서울,2018-10-24,12.5,,1.3,66.0,1010.5,290
297,108,서울,2018-10-25,13.8,,0.9,55.5,1010.1,50
298,108,서울,2018-10-26,12.2,11.0,1.6,74.1,1001.6,270
299,108,서울,2018-10-27,8.7,,3.2,49.6,1004.5,270
300,108,서울,2018-10-28,8.3,5.5,1.5,77.1,999.8,70
301,108,서울,2018-10-29,7.2,0.0,2.0,57.3,1004.3,290
302,108,서울,2018-10-30,6.1,0.0,1.6,51.3,1011.2,270
303,108,서울,2018-10-31,7.4,0.0,1.6,55.4,1013.1,290
304,108,서울,2018-11-01,8.4,,1.3,53.4,1015.8,290
305,108,서울,2018-11-02,10.6,,1.1,54.9,1017.3,20
306,108,서울,2018-11-03,11.2,,1.3,56.0,1015.0,20
307,108,서울,2018-11-04,11.6,,1.3,55.0,1012.2,270
308,108,서울,2018-11-05,11.9,,1.1,65.5,1012.9,270
309,108,서울,2018-11-06,12.2,,0.9,70.5,1014.7,270
310,108,서울,2018-11-07,12.8,2.0,1.1,79.5,1014.0,70
311,108,서울,2018-11-08,11.8,64.0,1.8,93.8,1002.5,90
312,108,서울,2018-11-09,12.1,1.0,3.1,69.0,1006.9,270
313,108,서울,2018-11-10,11.9,0.0,1.4,69.1,1013.4,290
314,108,서울,2018-11-11,8.1,0.0,1.1,67.6,1011.9,50
315,108,서울,2018-11-12,8.1,,1.2,52.3,1009.6,320
316,108,서울,2018-11-13,8.8,,1.1,51.6,1009.6,290
317,108,서울,2018-11-14,9.8,,1.1,55.5,1012.9,320
318,108,서울,2018-11-15,9.7,,1.0,55.4,1014.2,20
319,108,서울,2018-11-16,8.8,,1.7,65.1,1011.6,290
320,108,서울,2018-11-17,4.9,,1.4,50.8,1013.1,290
321,108,서울,2018-11-18,6.1,,1.1,48.8,1011.2,270
322,108,서울,2018-11-19,6.5,,1.4,50.4,1012.2,20
323,108,서울,2018-11-20,6.5,0.2,1.8,39.9,1014.4,200
324,108,서울,2018-11-21,5.8,1.0,1.2,57.1,1013.9,340
325,108,서울,2018-11-22,2.3,,2.4,35.0,1015.5,270
326,108,서울,2018-11-23,1.9,,1.4,29.6,1017.9,290
327,108,서울,2018-11-24,2.6,10.9,1.8,71.1,1013.2,70
328,108,서울,2018-11-25,4.8,,1.0,77.8,1014.0,20
329,108,서울,2018-11-26,6.3,,1.0,70.1,1014.3,20
330,108,서울,2018-11-27,7.1,,1.5,65.0,1012.3,70
331,108,서울,2018-11-28,5.0,,1.6,27.1,1014.3,290
332,108,서울,2018-11-29,3.5,0.0,1.3,41.4,1016.1,290
333,108,서울,2018-11-30,2.7,,1.4,46.1,1016.5,270
334,108,서울,2018-12-01,5.5,,1.0,42.3,1016.6,20
335,108,서울,2018-12-02,8.2,,1.3,50.1,1013.1,90
336,108,서울,2018-12-03,11.5,9.5,1.4,87.4,1005.9,90
337,108,서울,2018-12-04,6.7,5.0,2.7,74.9,1009.1,290
338,108,서울,2018-12-05,0.0,,1.5,39.5,1016.5,290
339,108,서울,2018-12-06,2.4,0.0,2.3,50.5,1012.9,270
340,108,서울,2018-12-07,-7.3,,3.8,37.1,1021.6,290
341,108,서울,2018-12-08,-8.3,,2.6,37.1,1022.9,340
342,108,서울,2018-12-09,-7.2,,1.5,27.0,1025.7,290
343,108,서울,2018-12-10,-2.5,,0.9,33.3,1023.5,50
344,108,서울,2018-12-11,0.2,,1.2,44.8,1017.8,20
345,108,서울,2018-12-12,-1.9,,2.2,39.0,1018.8,290
346,108,서울,2018-12-13,-2.2,1.3,2.0,57.4,1018.6,320
347,108,서울,2018-12-14,-4.4,,1.7,44.3,1024.2,290
348,108,서울,2018-12-15,-2.4,,1.0,46.8,1021.4,20
349,108,서울,2018-12-16,0.0,0.3,0.9,63.8,1010.0,50
350,108,서울,2018-12-17,1.6,0.3,1.8,60.1,1007.8,290
351,108,서울,2018-12-18,2.6,,1.4,56.3,1009.4,230
352,108,서울,2018-12-19,4.0,,1.4,53.4,1010.4,290
353,108,서울,2018-12-20,3.4,,0.9,45.5,1012.8,20
354,108,서울,2018-12-21,5.6,,1.1,40.1,1012.5,70
355,108,서울,2018-12-22,6.9,,1.5,48.9,1012.5,290
356,108,서울,2018-12-23,2.4,,2.9,43.0,1014.1,290
357,108,서울,2018-12-24,-2.3,,1.6,35.9,1017.0,290
358,108,서울,2018-12-25,0.6,,1.2,53.4,1013.3,50
359,108,서울,2018-12-26,-1.5,,2.8,40.8,1014.9,290
360,108,서울,2018-12-27,-10.1,,3.5,28.3,1019.5,290
361,108,서울,2018-12-28,-10.5,,2.5,33.0,1021.6,290
362,108,서울,2018-12-29,-7.6,,2.9,29.0,1024.3,290
363,108,서울,2018-12-30,-6.8,,1.2,35.9,1026.8,290
364,108,서울,2018-12-31,-5.4,,1.2,39.6,1026.2,290
365,108,서울,2019-01-01,-5.0,,2.1,49.5,1022.6,290
366,108,서울,2019-01-02,-4.9,,1.7,42.8,1023.4,270
367,108,서울,2019-01-03,-3.5,,1.4,38.8,1024.2,290
368,108,서울,2019-01-04,-1.1,,1.2,55.5,1019.5,20
369,108,서울,2019-01-05,-2.8,,2.2,40.3,1016.6,290
370,108,서울,2019-01-06,-2.8,,1.2,35.0,1017.6,290
371,108,서울,2019-01-07,-1.9,,1.4,46.4,1017.4,290
372,108,서울,2019-01-08,-3.5,,2.6,31.0,1018.2,290
373,108,서울,2019-01-09,-4.7,,1.3,28.8,1022.0,50
374,108,서울,2019-01-10,-0.6,,1.3,48.8,1015.5,290
375,108,서울,2019-01-11,2.4,,1.0,58.8,1014.2,20
376,108,서울,2019-01-12,2.8,,1.3,47.6,1012.1,290
377,108,서울,2019-01-13,1.2,,1.4,54.3,1014.8,270
378,108,서울,2019-01-14,1.4,,0.9,68.6,1014.8,290
379,108,서울,2019-01-15,-1.7,0.0,2.7,58.8,1013.2,290
380,108,서울,2019-01-16,-5.2,0.0,2.3,45.9,1015.9,270
381,108,서울,2019-01-17,-0.3,0.0,1.7,45.8,1013.4,290
382,108,서울,2019-01-18,0.6,,1.3,44.0,1016.7,290
383,108,서울,2019-01-19,3.6,,1.2,59.8,1011.7,50
384,108,서울,2019-01-20,-1.4,,3.2,38.5,1011.7,290
385,108,서울,2019-01-21,-1.2,0.0,1.6,57.8,1010.7,270
386,108,서울,2019-01-22,1.7,,1.7,62.0,1008.6,20
387,108,서울,2019-01-23,2.0,,2.3,48.9,1009.6,270
388,108,서울,2019-01-24,0.1,,1.7,34.9,1013.7,270
389,108,서울,2019-01-25,-1.2,,2.6,27.6,1013.4,290
390,108,서울,2019-01-26,-2.5,,2.4,30.9,1017.5,320
391,108,서울,2019-01-27,-0.1,,1.7,52.5,1015.9,230
392,108,서울,2019-01-28,1.2,0.0,3.1,40.4,1011.6,290
393,108,서울,2019-01-29,-0.2,,1.5,35.5,1016.9,290
394,108,서울,2019-01-30,1.8,,1.5,54.6,1014.9,290
395,108,서울,2019-01-31,-2.0,,2.9,29.0,1010.5,290
396,108,서울,2019-02-01,-2.1,0.3,1.7,47.6,1013.0,270
397,108,서울,2019-02-02,1.4,0.0,1.0,60.0,1011.2,70
398,108,서울,2019-02-03,3.3,16.0,1.7,92.9,1002.2,90
399,108,서울,2019-02-04,-0.6,,2.1,40.4,1014.7,290
400,108,서울,2019-02-05,2.8,,1.0,37.1,1010.6,50
401,108,서울,2019-02-06,5.1,,1.3,54.9,1005.6,20
402,108,서울,2019-02-07,-2.1,0.5,3.5,45.5,1011.9,290
403,108,서울,2019-02-08,-6.1,,2.3,31.5,1015.3,290
404,108,서울,2019-02-09,-5.4,,2.7,30.0,1017.4,320
405,108,서울,2019-02-10,-5.0,,1.7,31.3,1019.8,290
406,108,서울,2019-02-11,-3.0,,2.3,34.9,1020.7,270
407,108,서울,2019-02-12,-0.6,0.0,1.9,35.5,1023.0,290
408,108,서울,2019-02-13,-2.1,,2.4,26.6,1022.0,290
409,108,서울,2019-02-14,-0.5,,1.4,24.3,1019.9,250
410,108,서울,2019-02-15,-0.8,2.2,1.9,72.8,1012.9,290
411,108,서울,2019-02-16,-2.7,0.2,2.6,59.0,1013.5,320
412,108,서울,2019-02-17,-1.8,,1.9,47.4,1015.5,270
413,108,서울,2019-02-18,0.9,,1.3,43.5,1014.7,290
414,108,서울,2019-02-19,1.4,4.6,1.4,80.8,1008.7,70
415,108,서울,2019-02-20,1.7,0.0,2.1,67.8,1014.5,270
416,108,서울,2019-02-21,2.4,,1.5,59.4,1015.9,270
417,108,서울,2019-02-22,4.0,,1.5,56.1,1011.3,200
418,108,서울,2019-02-23,6.8,,1.1,41.0,1012.8,20
419,108,서울,2019-02-24,6.3,,1.8,45.0,1012.1,290
420,108,서울,2019-02-25,4.7,,2.3,55.8,1011.1,290
421,108,서울,2019-02-26,5.2,,1.6,32.8,1013.4,270
422,108,서울,2019-02-27,7.8,,1.6,31.3,1010.7,290
423,108,서울,2019-02-28,6.6,,2.0,39.5,1008.4,290
424,108,서울,2019-03-01,6.6,,2.1,42.3,1011.2,290
425,108,서울,2019-03-02,7.8,,1.1,37.6,1008.7,290
426,108,서울,2019-03-03,9.4,,1.5,36.4,1002.5,20
427,108,서울,2019-03-04,9.9,,1.9,46.1,1003.2,270
428,108,서울,2019-03-05,8.4,,2.0,66.3,1009.6,250
429,108,서울,2019-03-06,8.4,,2.0,55.0,1005.6,290
430,108,서울,2019-03-07,7.0,,2.2,51.1,1009.1,270
431,108,서울,2019-03-08,6.1,,1.9,39.4,1014.3,290
432,108,서울,2019-03-09,7.2,,1.3,31.8,1011.2,290
433,108,서울,2019-03-10,10.1,,1.2,26.4,1003.2,50
434,108,서울,2019-03-11,6.6,0.0,1.8,61.0,998.7,230
435,108,서울,2019-03-12,3.9,0.0,2.7,55.1,1000.8,270
436,108,서울,2019-03-13,3.5,0.0,3.3,38.5,1009.3,270
437,108,서울,2019-03-14,5.0,0.0,1.9,45.3,1011.9,200
438,108,서울,2019-03-15,5.5,3.5,1.6,72.8,1006.8,270
439,108,서울,2019-03-16,4.3,,1.8,69.9,1009.9,290
440,108,서울,2019-03-17,6.3,,2.0,55.4,1012.6,290
441,108,서울,2019-03-18,7.1,,1.4,43.8,1009.4,270
442,108,서울,2019-03-19,10.0,,1.4,52.0,1006.5,20
443,108,서울,2019-03-20,10.3,16.5,1.4,79.0,999.8,90
444,108,서울,2019-03-21,7.1,3.3,2.9,77.4,998.1,270
445,108,서울,2019-03-22,3.3,,2.8,40.9,1009.4,290
446,108,서울,2019-03-23,3.3,1.7,2.4,46.9,1010.4,320
447,108,서울,2019-03-24,4.3,,2.3,45.4,1010.6,230
448,108,서울,2019-03-25,7.3,,2.0,56.1,1006.6,230
449,108,서울,2019-03-26,11.4,,2.0,51.1,1006.8,270
450,108,서울,2019-03-27,11.6,,3.0,66.4,1002.2,200
451,108,서울,2019-03-28,9.4,,2.6,49.9,1003.4,270
452,108,서울,2019-03-29,9.2,,2.1,33.1,1003.5,320
453,108,서울,2019-03-30,5.2,1.8,2.9,72.0,1002.1,270
454,108,서울,2019-03-31,4.4,0.0,3.2,46.0,1008.7,290
455,108,서울,2019-04-01,5.5,,2.5,39.8,1011.8,270
456,108,서울,2019-04-02,6.7,,2.2,36.9,1012.2,290
457,108,서울,2019-04-03,7.6,,2.3,36.1,1012.7,290
458,108,서울,2019-04-04,9.2,,2.5,43.0,1007.2,270
459,108,서울,2019-04-05,11.4,0.0,2.9,41.0,999.4,230
460,108,서울,2019-04-06,9.3,0.8,1.1,39.9,1001.7,50
461,108,서울,2019-04-07,12.6,,1.7,43.1,1000.2,290
462,108,서울,2019-04-08,11.6,,2.5,25.6,1004.7,290
463,108,서울,2019-04-09,9.2,17.4,2.4,49.1,1005.6,70
464,108,서울,2019-04-10,7.1,5.6,1.8,78.4,1002.4,90
465,108,서울,2019-04-11,9.5,,1.9,58.0,1004.8,290
466,108,서울,2019-04-12,11.4,,2.2,48.5,1007.7,290
467,108,서울,2019-04-13,11.8,,1.8,34.0,1009.2,270
468,108,서울,2019-04-14,9.6,1.7,2.2,45.5,1004.8,270
469,108,서울,2019-04-15,11.6,,1.8,30.9,1008.3,270
470,108,서울,2019-04-16,14.9,,1.6,26.3,1006.8,290
471,108,서울,2019-04-17,15.3,,1.9,37.5,1002.4,270
472,108,서울,2019-04-18,12.6,0.0,2.0,74.4,1001.8,270
473,108,서울,2019-04-19,13.8,,1.6,57.5,1005.9,70
474,108,서울,2019-04-20,14.3,1.2,1.9,66.9,1004.7,290
475,108,서울,2019-04-21,14.8,0.3,1.9,77.8,1003.4,290
476,108,서울,2019-04-22,19.3,,1.4,50.6,1004.7,270
477,108,서울,2019-04-23,20.4,0.0,1.3,52.0,1002.2,270
478,108,서울,2019-04-24,19.5,4.1,1.6,70.4,996.3,290
479,108,서울,2019-04-25,13.2,11.3,2.0,75.9,996.9,70
480,108,서울,2019-04-26,8.4,4.9,1.5,82.1,1003.1,20
481,108,서울,2019-04-27,11.6,,1.7,52.6,1010.9,290
482,108,서울,2019-04-28,12.9,0.0,1.6,48.8,1010.2,290
483,108,서울,2019-04-29,13.0,,0.9,52.9,1004.0,50
484,108,서울,2019-04-30,15.5,,1.6,52.8,998.7,270
485,108,서울,2019-05-01,16.4,,2.3,48.9,996.4,270
486,108,서울,2019-05-02,17.1,,2.3,28.5,1001.6,290
487,108,서울,2019-05-03,17.9,,1.6,37.5,1006.4,290
488,108,서울,2019-05-04,19.5,,1.7,40.4,1007.8,290
489,108,서울,2019-05-05,19.2,,2.2,35.8,1005.8,270
490,108,서울,2019-05-06,14.5,0.0,3.1,27.1,1006.4,290
491,108,서울,2019-05-07,15.0,,2.3,33.4,1005.7,250
492,108,서울,2019-05-08,15.6,,2.3,48.3,1002.1,200
493,108,서울,2019-05-09,16.6,,2.2,43.3,1000.8,270
494,108,서울,2019-05-10,17.8,,1.9,48.0,1003.1,270
495,108,서울,2019-05-11,20.3,,1.8,39.0,1003.7,290
496,108,서울,2019-05-12,21.6,,1.5,36.0,1004.8,270
497,108,서울,2019-05-13,18.7,0.0,1.6,43.4,1004.4,290
498,108,서울,2019-05-14,19.6,,1.6,44.5,1003.0,270
499,108,서울,2019-05-15,20.7,,1.7,48.1,1002.9,290
500,108,서울,2019-05-16,23.5,,1.5,43.8,1001.9,270
501,108,서울,2019-05-17,23.6,,1.2,44.9,1002.2,70
502,108,서울,2019-05-18,22.8,0.0,2.1,46.8,1001.8,110
503,108,서울,2019-05-19,19.4,22.0,1.2,93.0,998.8,70
504,108,서울,2019-05-20,16.4,8.7,3.4,63.6,994.9,270
505,108,서울,2019-05-21,17.2,,2.9,52.0,995.2,200
506,108,서울,2019-05-22,19.5,,2.4,46.0,995.3,230
507,108,서울,2019-05-23,22.1,,1.7,45.0,998.4,270
508,108,서울,2019-05-24,24.2,,1.7,46.4,1000.8,290
509,108,서울,2019-05-25,23.4,,1.6,45.6,1005.0,200
510,108,서울,2019-05-26,24.5,,1.8,39.0,1003.7,270
511,108,서울,2019-05-27,17.8,7.1,2.4,80.9,994.5,140
512,108,서울,2019-05-28,18.1,,2.6,45.9,1000.7,270
513,108,서울,2019-05-29,20.3,,2.0,48.4,999.7,290
514,108,서울,2019-05-30,19.6,0.0,2.4,48.0,1000.7,200
515,108,서울,2019-05-31,19.1,,2.8,49.6,1000.3,290
516,108,서울,2019-06-01,18.9,,1.9,60.5,1000.1,270
517,108,서울,2019-06-02,21.1,,1.7,42.1,997.6,290
518,108,서울,2019-06-03,23.1,,1.8,42.9,997.9,160
519,108,서울,2019-06-04,22.6,,2.2,56.4,999.3,290
520,108,서울,2019-06-05,23.0,,1.8,63.8,1001.8,270
521,108,서울,2019-06-06,21.2,7.5,1.2,75.9,999.9,90
522,108,서울,2019-06-07,20.0,35.3,1.9,77.3,993.5,50
523,108,서울,2019-06-08,21.9,,1.4,57.5,997.9,50
524,108,서울,2019-06-09,21.6,2.5,1.8,66.1,995.5,290
525,108,서울,2019-06-10,18.4,9.5,1.6,70.3,997.3,70
526,108,서울,2019-06-11,20.5,,1.4,51.1,998.8,50
527,108,서울,2019-06-12,21.5,,1.8,57.1,1000.3,290
528,108,서울,2019-06-13,23.0,,1.7,51.9,999.7,290
529,108,서울,2019-06-14,23.0,,1.8,54.8,995.3,290
530,108,서울,2019-06-15,21.9,2.1,2.4,61.5,990.5,290
531,108,서울,2019-06-16,22.0,,1.6,55.4,996.7,50
532,108,서울,2019-06-17,21.7,0.0,2.3,59.1,1001.8,290
533,108,서울,2019-06-18,20.8,13.8,1.5,78.6,1000.3,250
534,108,서울,2019-06-19,21.4,0.2,1.9,77.8,997.8,270
535,108,서울,2019-06-20,22.7,,1.9,70.6,997.1,270
536,108,서울,2019-06-21,22.1,0.2,1.7,72.9,996.1,290
537,108,서울,2019-06-22,24.2,,1.5,42.3,996.5,70
538,108,서울,2019-06-23,25.0,,1.8,40.4,998.2,50
539,108,서울,2019-06-24,25.2,,2.0,46.9,1001.9,270
540,108,서울,2019-06-25,25.6,,1.6,49.1,1004.2,290
541,108,서울,2019-06-26,25.5,0.0,1.3,52.6,998.4,50
542,108,서울,2019-06-27,25.5,1.4,1.4,70.5,990.9,50
543,108,서울,2019-06-28,24.7,0.0,1.7,67.3,991.9,290
544,108,서울,2019-06-29,23.1,1.5,1.2,72.0,988.3,50
545,108,서울,2019-06-30,23.9,0.0,2.3,73.5,990.7,200
546,108,서울,2019-07-01,23.9,,2.3,64.4,995.4,270
547,108,서울,2019-07-02,24.4,,2.3,63.5,998.8,270
548,108,서울,2019-07-03,24.1,,1.7,64.6,998.1,290
549,108,서울,2019-07-04,25.4,,1.9,59.6,996.5,290
550,108,서울,2019-07-05,27.6,0.0,1.5,42.1,993.2,20
551,108,서울,2019-07-06,29.7,,1.7,40.9,994.1,90
552,108,서울,2019-07-07,26.7,,2.2,43.3,997.5,90
553,108,서울,2019-07-08,25.1,,2.0,46.6,997.9,70
554,108,서울,2019-07-09,25.0,,1.8,46.4,996.7,90
555,108,서울,2019-07-10,22.7,8.5,2.0,64.1,997.3,70
556,108,서울,2019-07-11,21.9,2.9,1.3,76.9,995.2,50
557,108,서울,2019-07-12,23.6,,2.0,65.5,996.3,290
558,108,서울,2019-07-13,24.9,0.0,1.7,67.3,992.0,290
559,108,서울,2019-07-14,25.9,,1.6,64.6,992.6,290
560,108,서울,2019-07-15,23.8,7.7,1.1,80.0,997.2,50
561,108,서울,2019-07-16,24.7,6.3,1.3,79.0,1000.7,50
562,108,서울,2019-07-17,25.6,0.7,1.2,73.9,1001.2,270
563,108,서울,2019-07-18,26.9,,1.2,65.0,998.7,290
564,108,서울,2019-07-19,28.6,0.0,1.5,61.3,996.4,90
565,108,서울,2019-07-20,28.0,1.1,2.1,66.9,990.8,90
566,108,서울,2019-07-21,25.1,6.2,2.2,87.1,991.8,230
567,108,서울,2019-07-22,26.7,0.1,2.2,74.6,996.3,200
568,108,서울,2019-07-23,28.1,,1.7,70.8,995.3,230
569,108,서울,2019-07-24,26.5,1.0,1.6,82.3,994.5,200
570,108,서울,2019-07-25,26.3,9.7,1.2,90.1,994.6,200
571,108,서울,2019-07-26,25.1,60.0,1.7,95.3,993.9,200
572,108,서울,2019-07-27,28.4,0.6,1.3,76.6,995.7,140
573,108,서울,2019-07-28,26.1,25.6,2.2,88.3,998.2,200
574,108,서울,2019-07-29,27.5,0.5,2.6,74.5,999.2,200
575,108,서울,2019-07-30,28.1,1.2,3.4,75.3,997.1,200
576,108,서울,2019-07-31,25.8,62.3,2.2,91.1,999.3,200
577,108,서울,2019-08-01,26.3,26.9,1.7,86.4,1002.0,270
578,108,서울,2019-08-02,28.4,,1.2,74.6,1001.8,270
579,108,서울,2019-08-03,29.4,3.0,1.3,69.0,1001.0,50
580,108,서울,2019-08-04,28.3,8.6,1.2,75.9,1000.9,50
581,108,서울,2019-08-05,30.5,,1.1,65.5,999.7,340
582,108,서울,2019-08-06,31.6,,1.5,51.4,996.9,70
583,108,서울,2019-08-07,26.9,8.0,1.2,78.1,995.6,290
584,108,서울,2019-08-08,28.9,0.0,1.6,71.4,998.3,290
585,108,서울,2019-08-09,29.8,,1.3,69.0,997.7,290
586,108,서울,2019-08-10,31.5,,1.5,57.9,996.0,90
587,108,서울,2019-08-11,30.4,6.7,2.5,53.6,992.2,90
588,108,서울,2019-08-12,26.6,56.2,1.3,91.8,990.7,70
589,108,서울,2019-08-13,29.2,6.4,1.5,76.9,992.7,270
590,108,서울,2019-08-14,30.4,,1.5,63.9,990.2,70
591,108,서울,2019-08-15,25.9,16.2,1.3,82.0,983.8,50
592,108,서울,2019-08-16,25.9,0.1,2.2,74.5,985.6,270
593,108,서울,2019-08-17,25.9,0.0,2.5,69.5,991.5,270
594,108,서울,2019-08-18,25.6,,1.7,66.5,996.9,270
595,108,서울,2019-08-19,26.3,,1.1,60.6,999.7,50
596,108,서울,2019-08-20,28.2,,1.5,56.3,999.9,70
597,108,서울,2019-08-21,27.0,1.3,1.2,67.3,998.5,50
598,108,서울,2019-08-22,26.9,,1.7,66.5,996.5,270
599,108,서울,2019-08-23,26.2,,2.1,58.4,998.4,270
600,108,서울,2019-08-24,24.1,,1.5,60.9,1000.6,270
601,108,서울,2019-08-25,25.0,,1.5,66.6,1002.8,50
602,108,서울,2019-08-26,26.4,,1.2,63.8,1002.0,50
603,108,서울,2019-08-27,25.7,20.0,1.0,71.1,997.7,290
604,108,서울,2019-08-28,26.1,,1.9,66.2,996.6,270
605,108,서울,2019-08-29,23.4,36.9,2.2,77.1,995.9,160
606,108,서울,2019-08-30,22.6,0.2,2.4,66.3,998.8,200
607,108,서울,2019-08-31,23.5,,1.9,65.0,1003.4,230
608,108,서울,2019-09-01,23.7,,1.4,64.0,1006.8,340
609,108,서울,2019-09-02,24.4,,1.6,56.6,1006.5,320
610,108,서울,2019-09-03,24.1,0.0,2.3,67.6,1005.3,360
611,108,서울,2019-09-04,22.8,22.7,2.5,89.0,1003.1,360
612,108,서울,2019-09-05,23.0,36.4,2.0,91.4,1001.9,360
613,108,서울,2019-09-06,25.3,2.4,2.1,79.8,999.2,360
614,108,서울,2019-09-07,25.7,2.8,6.0,72.9,987.7,360
615,108,서울,2019-09-08,24.7,0.0,1.9,76.9,998.3,160
616,108,서울,2019-09-09,25.1,0.0,1.7,74.3,1000.6,340
617,108,서울,2019-09-10,23.8,63.2,2.4,93.4,1001.7,360
618,108,서울,2019-09-11,24.3,7.6,3.1,71.4,1004.6,360
619,108,서울,2019-09-12,21.0,3.9,2.6,72.3,1006.6,360
620,108,서울,2019-09-13,23.3,0.1,1.7,60.4,1003.6,360
621,108,서울,2019-09-14,22.4,0.3,1.2,80.0,1001.6,320
622,108,서울,2019-09-15,24.2,,1.7,70.4,1000.8,340
623,108,서울,2019-09-16,24.5,,2.1,53.0,1001.0,360
624,108,서울,2019-09-17,23.5,,2.1,41.6,1004.7,360
625,108,서울,2019-09-18,21.0,,3.1,46.0,1006.7,230
626,108,서울,2019-09-19,19.5,,1.9,46.5,1008.2,270
627,108,서울,2019-09-20,19.6,,2.1,52.8,1007.5,360
628,108,서울,2019-09-21,19.6,,2.0,60.3,1009.1,360
629,108,서울,2019-09-22,18.6,0.4,3.8,63.4,1003.2,360
630,108,서울,2019-09-23,20.0,,2.2,51.1,1004.4,290
631,108,서울,2019-09-24,19.8,,1.8,61.3,1008.6,230
632,108,서울,2019-09-25,20.9,,1.4,64.4,1011.7,340
633,108,서울,2019-09-26,22.9,,1.9,59.3,1013.6,340
634,108,서울,2019-09-27,22.9,,1.9,57.5,1012.1,360
635,108,서울,2019-09-28,23.7,,1.7,58.9,1008.1,230
636,108,서울,2019-09-29,22.6,,1.7,60.6,1006.7,230
637,108,서울,2019-09-30,22.4,,1.6,61.0,1006.8,230
638,108,서울,2019-10-01,23.1,,1.8,67.1,1007.9,320
639,108,서울,2019-10-02,21.6,23.1,3.0,88.0,1001.7,360
640,108,서울,2019-10-03,22.4,4.6,2.8,73.4,996.4,340
641,108,서울,2019-10-04,22.4,,2.1,71.5,1002.4,360
642,108,서울,2019-10-05,18.7,0.6,2.9,72.6,1006.1,360
643,108,서울,2019-10-06,18.1,,2.9,53.4,1012.3,360
644,108,서울,2019-10-07,14.8,25.4,1.8,92.0,1007.9,360
645,108,서울,2019-10-08,14.7,,2.6,58.8,1008.2,250
646,108,서울,2019-10-09,13.6,,1.7,48.3,1009.5,230
647,108,서울,2019-10-10,15.2,,1.3,60.9,1006.3,320
648,108,서울,2019-10-11,18.8,,1.9,60.0,1005.2,360
649,108,서울,2019-10-12,17.9,,3.5,49.3,1008.0,360
650,108,서울,2019-10-13,17.2,,1.9,52.6,1012.2,360
651,108,서울,2019-10-14,14.4,,2.5,56.9,1014.8,250
652,108,서울,2019-10-15,14.5,,1.6,55.6,1017.6,360
653,108,서울,2019-10-16,14.6,,1.6,58.3,1016.0,230
654,108,서울,2019-10-17,15.4,,1.7,56.0,1014.1,360
655,108,서울,2019-10-18,17.0,,2.4,58.3,1011.9,360
656,108,서울,2019-10-19,17.0,,1.8,63.8,1010.4,230
657,108,서울,2019-10-20,16.5,,1.3,70.3,1011.4,320
658,108,서울,2019-10-21,17.1,,1.0,61.0,1008.5,320
659,108,서울,2019-10-22,18.1,,1.6,56.1,1007.5,70
660,108,서울,2019-10-23,17.0,,2.4,57.3,1008.9,70
661,108,서울,2019-10-24,18.3,,2.7,47.6,1009.1,70
662,108,서울,2019-10-25,16.7,0.0,2.4,58.0,1007.4,70
663,108,서울,2019-10-26,10.0,,2.5,60.0,1008.5,270
664,108,서울,2019-10-27,11.0,,1.6,59.0,1009.1,290
665,108,서울,2019-10-28,12.9,1.7,2.5,65.9,1005.3,200
666,108,서울,2019-10-29,12.5,0.1,2.3,61.0,1005.5,270
667,108,서울,2019-10-30,11.2,,1.6,60.3,1011.1,270
668,108,서울,2019-10-31,14.8,,2.3,73.8,1010.1,230
669,108,서울,2019-11-01,14.9,,1.8,57.9,1011.3,290
670,108,서울,2019-11-02,13.6,,1.5,57.3,1009.9,290
671,108,서울,2019-11-03,14.7,,2.1,57.8,1009.6,70
672,108,서울,2019-11-04,13.8,,2.1,57.8,1011.5,70
673,108,서울,2019-11-05,12.4,,1.6,65.1,1009.0,20
674,108,서울,2019-11-06,11.0,,1.8,63.6,1006.6,290
675,108,서울,2019-11-07,9.2,,2.7,42.8,1007.5,320
676,108,서울,2019-11-08,6.8,,1.9,31.4,1011.1,290
677,108,서울,2019-11-09,9.5,,1.6,41.4,1011.0,290
678,108,서울,2019-11-10,10.0,11.8,2.1,59.6,1001.2,70
679,108,서울,2019-11-11,11.2,1.1,2.4,71.6,1000.8,290
680,108,서울,2019-11-12,9.3,,1.4,63.6,1010.5,20
681,108,서울,2019-11-13,7.2,7.5,2.8,72.3,1007.2,50
682,108,서울,2019-11-14,1.3,,2.9,30.6,1013.7,290
683,108,서울,2019-11-15,5.6,18.8,2.0,87.4,1007.6,70
684,108,서울,2019-11-16,6.8,,1.6,81.3,1010.1,50
685,108,서울,2019-11-17,8.3,21.1,3.1,79.4,1006.9,70
686,108,서울,2019-11-18,4.6,14.7,3.9,59.8,1008.7,270
687,108,서울,2019-11-19,0.2,0.0,2.8,48.0,1015.5,290
688,108,서울,2019-11-20,0.5,,1.8,35.5,1020.9,290
689,108,서울,2019-11-21,4.2,,1.9,37.4,1021.4,50
690,108,서울,2019-11-22,9.7,,2.1,34.1,1017.0,70
691,108,서울,2019-11-23,12.1,,1.8,52.0,1013.4,70
692,108,서울,2019-11-24,9.8,3.8,2.2,74.6,1010.1,50
693,108,서울,2019-11-25,1.9,,2.7,62.1,1019.1,290
694,108,서울,2019-11-26,6.6,,2.0,64.0,1018.6,290
695,108,서울,2019-11-27,3.1,,2.7,50.8,1017.7,320
696,108,서울,2019-11-28,3.5,,2.0,52.4,1019.1,290
697,108,서울,2019-11-29,1.5,,2.0,42.8,1020.9,290
698,108,서울,2019-11-30,4.1,,1.7,42.6,1018.0,70
699,108,서울,2019-12-01,4.6,3.3,1.6,79.4,1011.4,50
700,108,서울,2019-12-02,-0.1,,3.1,48.0,1011.8,290
701,108,서울,2019-12-03,0.5,0.6,1.6,61.3,1014.4,20
702,108,서울,2019-12-04,2.0,0.0,1.8,41.6,1018.5,290
703,108,서울,2019-12-05,-4.4,,3.2,31.9,1025.3,320
704,108,서울,2019-12-06,-5.9,,1.7,34.5,1025.0,290
705,108,서울,2019-12-07,-2.4,0.1,1.7,65.0,1018.9,50
706,108,서울,2019-12-08,-0.9,,1.4,65.1,1018.0,70
707,108,서울,2019-12-09,3.2,0.0,2.5,56.8,1012.4,70
708,108,서울,2019-12-10,8.1,1.7,1.2,82.3,1008.4,50
709,108,서울,2019-12-11,6.3,0.2,3.4,62.0,1007.1,270
710,108,서울,2019-12-12,-0.7,,1.8,45.4,1018.0,290
711,108,서울,2019-12-13,2.1,1.0,2.0,53.6,1015.7,50
712,108,서울,2019-12-14,2.7,0.0,2.3,58.3,1017.3,290
713,108,서울,2019-12-15,5.3,,2.0,52.5,1018.2,90
714,108,서울,2019-12-16,7.8,,1.9,58.9,1012.1,70
715,108,서울,2019-12-17,7.7,9.8,2.3,81.4,1005.4,290
716,108,서울,2019-12-18,0.8,,2.5,64.6,1013.2,270
717,108,서울,2019-12-19,-0.8,0.0,2.4,47.8,1015.3,290
718,108,서울,2019-12-20,-1.1,0.0,2.3,45.3,1018.6,340
719,108,서울,2019-12-21,-1.2,0.6,1.7,68.1,1016.4,50
720,108,서울,2019-12-22,4.1,0.3,1.7,63.4,1010.1,70
721,108,서울,2019-12-23,3.4,2.9,2.0,80.4,1011.5,320
722,108,서울,2019-12-24,0.8,,1.4,67.9,1016.6,50
723,108,서울,2019-12-25,2.0,,1.0,60.8,1013.1,50
724,108,서울,2019-12-26,2.0,0.3,2.4,59.0,1007.2,290
725,108,서울,2019-12-27,-1.7,,2.1,45.4,1014.1,340
726,108,서울,2019-12-28,1.1,,2.0,47.6,1017.7,70
727,108,서울,2019-12-29,3.8,1.4,2.9,52.5,1015.0,70
728,108,서울,2019-12-30,2.7,0.4,2.9,70.3,1013.0,320
729,108,서울,2019-12-31,-7.9,0.0,3.1,39.3,1023.7,290
730,108,서울,2020-01-01,-2.2,0.1,0.6,64.4,1021.1,50
731,108,서울,2020-01-02,1.0,,1.2,65.4,1018.7,50
732,108,서울,2020-01-03,-0.1,,1.7,56.9,1016.4,290
733,108,서울,2020-01-04,1.2,,1.9,50.8,1015.4,50
734,108,서울,2020-01-05,1.3,,1.1,45.6,1019.7,50
735,108,서울,2020-01-06,3.1,1.8,3.1,65.4,1015.3,70
736,108,서울,2020-01-07,6.3,46.3,4.0,95.0,999.3,70
737,108,서울,2020-01-08,2.4,11.6,3.3,86.1,1003.6,270
738,108,서울,2020-01-09,-1.2,,2.3,65.3,1013.4,290
739,108,서울,2020-01-10,-0.6,,1.5,62.9,1013.0,290
740,108,서울,2020-01-11,-0.1,,1.9,60.9,1009.4,290
741,108,서울,2020-01-12,-1.0,,2.4,61.5,1007.5,290
742,108,서울,2020-01-13,-2.9,,2.3,51.0,1012.4,290
743,108,서울,2020-01-14,-2.3,,1.6,45.3,1015.0,290
744,108,서울,2020-01-15,-2.7,,1.9,44.8,1017.6,270
745,108,서울,2020-01-16,-1.7,,1.6,43.0,1016.3,320
746,108,서울,2020-01-17,-0.6,,1.5,43.9,1012.6,290
747,108,서울,2020-01-18,0.3,,1.8,48.1,1010.9,270
748,108,서울,2020-01-19,1.9,0.6,2.2,62.8,1008.0,270
749,108,서울,2020-01-20,0.7,,2.5,46.8,1012.2,270
750,108,서울,2020-01-21,-0.4,,1.4,36.9,1018.8,320
751,108,서울,2020-01-22,3.0,,1.7,36.0,1014.6,50
752,108,서울,2020-01-23,4.6,,2.0,49.3,1013.5,290
753,108,서울,2020-01-24,2.8,,1.7,63.0,1019.5,290
754,108,서울,2020-01-25,4.3,,1.5,63.1,1018.7,290
755,108,서울,2020-01-26,5.5,,2.7,56.3,1016.5,70
756,108,서울,2020-01-27,5.9,0.1,4.6,48.1,1010.4,70
757,108,서울,2020-01-28,6.8,0.0,2.6,49.4,1007.7,50
758,108,서울,2020-01-29,6.0,,2.1,46.4,1005.3,70
759,108,서울,2020-01-30,5.2,,1.8,47.0,1004.4,70
760,108,서울,2020-01-31,3.9,0.0,2.3,59.6,1009.0,270
761,108,서울,2020-02-01,2.6,,1.7,66.6,1013.4,290
762,108,서울,2020-02-02,1.5,,1.8,52.3,1014.7,290
763,108,서울,2020-02-03,-0.4,0.0,3.1,43.6,1016.3,270
764,108,서울,2020-02-04,-1.6,1.7,2.8,50.3,1015.8,320
765,108,서울,2020-02-05,-8.3,,3.3,37.3,1021.0,320
766,108,서울,2020-02-06,-6.4,,1.9,36.4,1023.0,290
767,108,서울,2020-02-07,-1.7,0.0,2.0,45.1,1018.5,290
768,108,서울,2020-02-08,-0.1,0.0,3.0,48.1,1016.7,320
769,108,서울,2020-02-09,-0.5,0.0,2.0,51.1,1014.6,270
770,108,서울,2020-02-10,4.0,0.0,1.7,49.4,1013.4,290
771,108,서울,2020-02-11,6.8,,1.6,37.0,1016.3,50
772,108,서울,2020-02-12,7.4,6.7,2.2,73.4,1006.4,70
773,108,서울,2020-02-13,6.5,,1.7,84.8,1008.8,290
774,108,서울,2020-02-14,8.1,,1.2,70.3,1010.4,290
775,108,서울,2020-02-15,9.8,2.0,2.7,63.0,1007.3,70
776,108,서울,2020-02-16,-1.4,13.4,4.0,81.1,1002.6,270
777,108,서울,2020-02-17,-5.9,1.0,3.4,64.3,1007.4,320
778,108,서울,2020-02-18,-4.1,,2.3,44.0,1016.7,290
779,108,서울,2020-02-19,1.0,,1.5,56.8,1019.3,50
780,108,서울,2020-02-20,4.6,,1.7,62.6,1022.6,50
781,108,서울,2020-02-21,6.7,4.2,2.2,66.3,1018.5,200
782,108,서울,2020-02-22,4.0,3.1,4.0,62.0,1014.2,270
783,108,서울,2020-02-23,2.5,,2.0,48.6,1018.2,270
784,108,서울,2020-02-24,7.0,,1.6,51.8,1013.6,50
785,108,서울,2020-02-25,6.7,16.6,4.2,73.5,1007.4,70
786,108,서울,2020-02-26,6.4,0.0,2.1,59.6,1012.7,50
787,108,서울,2020-02-27,6.1,,2.0,54.0,1017.0,70
788,108,서울,2020-02-28,4.5,3.9,1.4,79.4,1011.9,50
789,108,서울,2020-02-29,7.7,0.5,1.7,68.6,1007.7,50
790,108,서울,2020-03-01,5.8,0.2,2.0,71.8,1007.9,270
791,108,서울,2020-03-02,3.4,0.0,2.7,55.3,1013.1,290
792,108,서울,2020-03-03,4.8,,2.6,57.0,1013.3,70
793,108,서울,2020-03-04,2.2,0.0,3.7,53.4,1011.4,270
794,108,서울,2020-03-05,1.4,,2.5,47.5,1014.5,270
795,108,서울,2020-03-06,3.7,,1.6,46.8,1011.7,50
796,108,서울,2020-03-07,7.0,,2.0,39.5,1007.5,70
797,108,서울,2020-03-08,9.3,,1.6,43.8,1008.0,290
798,108,서울,2020-03-09,11.1,,1.8,37.6,1003.6,320
799,108,서울,2020-03-10,6.4,11.8,2.8,78.4,997.6,290
800,108,서울,2020-03-11,3.8,,3.3,41.8,1007.7,270
801,108,서울,2020-03-12,6.8,,2.5,49.8,1010.9,250
802,108,서울,2020-03-13,4.9,0.5,3.3,41.0,1011.3,320
803,108,서울,2020-03-14,3.6,,3.0,48.1,1005.0,250
804,108,서울,2020-03-15,4.0,,3.6,48.3,1001.4,320
805,108,서울,2020-03-16,3.6,,2.8,42.4,1011.4,250
806,108,서울,2020-03-17,6.6,,2.1,65.8,1005.0,230
807,108,서울,2020-03-18,10.0,,1.8,45.8,1002.6,250
808,108,서울,2020-03-19,9.1,0.0,4.8,49.0,995.6,270
809,108,서울,2020-03-20,8.8,,3.1,39.6,1003.3,200
810,108,서울,2020-03-21,12.8,,2.0,56.5,1001.3,180
811,108,서울,2020-03-22,11.0,,3.0,37.5,1004.0,290
812,108,서울,2020-03-23,10.6,,1.9,37.9,1006.7,270
813,108,서울,2020-03-24,11.4,,1.8,35.0,1009.8,270
814,108,서울,2020-03-25,12.5,,1.9,33.6,1009.7,290
815,108,서울,2020-03-26,14.8,1.8,1.9,53.8,1004.9,70
816,108,서울,2020-03-27,11.9,2.0,3.3,56.4,1003.2,290
817,108,서울,2020-03-28,7.7,,3.2,17.9,1010.8,360
818,108,서울,2020-03-29,8.7,,2.0,30.6,1010.9,290
819,108,서울,2020-03-30,10.2,,1.8,38.4,1010.1,270
820,108,서울,2020-03-31,11.9,,2.0,34.5,1007.0,270
821,108,서울,2020-04-01,11.3,,3.7,35.6,1004.5,290
822,108,서울,2020-04-02,9.3,,2.3,41.4,1011.6,250
823,108,서울,2020-04-03,10.0,,2.7,53.8,1010.5,270
824,108,서울,2020-04-04,8.9,,3.4,36.4,1008.6,290
825,108,서울,2020-04-05,7.2,,2.8,29.5,1011.8,270
826,108,서울,2020-04-06,9.3,,2.4,38.3,1010.0,290
827,108,서울,2020-04-07,10.6,,2.5,56.6,1005.3,270
828,108,서울,2020-04-08,9.4,,3.5,25.5,1007.8,290
829,108,서울,2020-04-09,8.9,,2.8,44.6,1011.5,270
830,108,서울,2020-04-10,10.7,,2.4,52.6,1014.0,290
831,108,서울,2020-04-11,9.9,,2.5,63.8,1009.1,290
832,108,서울,2020-04-12,9.9,,3.8,58.6,1004.4,90
833,108,서울,2020-04-13,12.4,,3.1,39.4,1003.9,70
834,108,서울,2020-04-14,13.0,,2.4,46.8,1006.3,290
835,108,서울,2020-04-15,13.2,,2.2,39.8,1004.6,290
836,108,서울,2020-04-16,16.0,,2.3,39.9,1006.1,90
837,108,서울,2020-04-17,12.5,6.5,2.4,77.8,1002.2,110
838,108,서울,2020-04-18,13.5,,2.6,67.9,1005.9,320
839,108,서울,2020-04-19,12.3,10.3,2.7,75.8,1004.1,90
840,108,서울,2020-04-20,10.0,0.1,3.3,73.0,1000.6,250
841,108,서울,2020-04-21,7.4,,4.4,49.0,1003.8,290
842,108,서울,2020-04-22,6.0,0.0,4.0,46.8,1005.9,290
843,108,서울,2020-04-23,7.9,,3.7,47.8,1005.6,290
844,108,서울,2020-04-24,9.9,,3.9,55.6,1003.1,270
845,108,서울,2020-04-25,13.1,,3.9,54.4,999.3,250
846,108,서울,2020-04-26,12.3,,3.2,43.1,1006.9,290
847,108,서울,2020-04-27,12.9,,2.8,49.8,1009.3,320
848,108,서울,2020-04-28,13.9,,3.0,50.0,1009.4,250
849,108,서울,2020-04-29,14.9,,2.6,48.6,1009.0,290
850,108,서울,2020-04-30,17.1,,2.7,57.1,1005.7,250
851,108,서울,2020-05-01,20.2,,2.7,73.6,1003.0,270
852,108,서울,2020-05-02,20.3,0.0,2.3,79.6,1001.3,290
853,108,서울,2020-05-03,21.8,0.0,2.0,68.8,996.0,90
854,108,서울,2020-05-04,20.2,,2.7,63.9,998.1,290
855,108,서울,2020-05-05,16.0,,1.9,67.9,1001.5,290
856,108,서울,2020-05-06,19.4,,2.1,50.0,1003.7,70
857,108,서울,2020-05-07,20.7,,2.5,32.5,1007.1,90
858,108,서울,2020-05-08,19.9,2.3,2.4,32.8,1004.4,160
859,108,서울,2020-05-09,14.2,24.4,3.6,94.4,994.8,90
860,108,서울,2020-05-10,14.4,1.3,2.5,88.6,997.0,250
861,108,서울,2020-05-11,16.5,3.4,3.0,61.0,997.7,250
862,108,서울,2020-05-12,14.3,0.7,2.9,69.4,995.1,250
863,108,서울,2020-05-13,16.1,,2.8,47.3,1005.1,270
864,108,서울,2020-05-14,19.3,,2.0,35.4,1006.0,90
865,108,서울,2020-05-15,16.1,12.0,3.0,81.4,998.8,90
866,108,서울,2020-05-16,16.7,2.5,1.6,90.3,996.6,290
867,108,서울,2020-05-17,19.1,0.0,1.7,80.1,995.3,320
868,108,서울,2020-05-18,19.1,29.8,2.4,79.4,988.4,140
869,108,서울,2020-05-19,13.0,19.0,3.2,73.6,990.7,50
870,108,서울,2020-05-20,14.4,0.0,1.9,60.4,1001.7,90
871,108,서울,2020-05-21,17.4,,2.1,56.1,1004.4,90
872,108,서울,2020-05-22,18.5,0.0,1.9,68.5,1002.7,290
873,108,서울,2020-05-23,20.1,0.0,2.2,66.1,1001.1,290
874,108,서울,2020-05-24,17.1,14.5,2.9,84.8,999.6,230
875,108,서울,2020-05-25,16.6,,2.1,81.0,1002.3,320
876,108,서울,2020-05-26,16.2,1.5,2.1,81.9,999.4,290
877,108,서울,2020-05-27,17.4,,2.6,68.5,999.3,320
878,108,서울,2020-05-28,18.7,0.0,1.9,62.8,999.6,320
879,108,서울,2020-05-29,20.7,,2.0,65.6,1004.9,290
880,108,서울,2020-05-30,22.6,,1.9,57.3,1006.1,290
881,108,서울,2020-05-31,21.2,1.0,2.3,63.0,1001.4,320
882,108,서울,2020-06-01,19.7,0.4,3.4,64.3,999.7,290
883,108,서울,2020-06-02,17.9,2.0,2.2,71.0,997.4,290
884,108,서울,2020-06-03,22.0,,2.4,73.3,993.9,290
885,108,서울,2020-06-04,21.9,0.2,2.7,81.1,994.1,250
886,108,서울,2020-06-05,23.0,,1.8,69.4,997.2,290
887,108,서울,2020-06-06,24.6,,2.0,63.6,998.1,290
888,108,서울,2020-06-07,22.7,,2.3,69.4,1001.9,290
889,108,서울,2020-06-08,25.0,,2.1,63.6,1004.6,290
890,108,서울,2020-06-09,26.7,,2.3,51.6,1004.3,320
891,108,서울,2020-06-10,25.8,6.2,2.0,63.8,998.9,290
892,108,서울,2020-06-11,26.1,0.0,2.2,68.3,993.7,290
893,108,서울,2020-06-12,24.7,,1.7,68.6,995.1,290
894,108,서울,2020-06-13,26.9,0.0,1.9,52.8,994.3,290
895,108,서울,2020-06-14,24.0,1.1,2.9,70.6,994.3,270
896,108,서울,2020-06-15,23.0,,2.8,62.3,996.4,270
897,108,서울,2020-06-16,24.4,,2.2,63.0,995.7,290
898,108,서울,2020-06-17,24.3,,2.0,58.6,995.3,290
899,108,서울,2020-06-18,23.4,,1.6,61.4,993.1,320
900,108,서울,2020-06-19,24.7,0.1,2.1,61.4,996.4,70
901,108,서울,2020-06-20,24.9,,2.1,62.6,1000.0,290
902,108,서울,2020-06-21,26.1,,2.0,59.5,998.0,320
903,108,서울,2020-06-22,28.6,,2.0,50.5,998.0,290
904,108,서울,2020-06-23,27.3,0.0,1.9,53.5,998.3,270
905,108,서울,2020-06-24,22.3,37.6,2.7,83.5,993.1,50
906,108,서울,2020-06-25,21.6,13.3,2.2,91.0,991.8,180
907,108,서울,2020-06-26,21.8,2.1,3.2,82.1,996.5,230
908,108,서울,2020-06-27,24.1,0.0,2.0,70.4,995.5,250
909,108,서울,2020-06-28,25.2,,2.4,70.5,994.8,270
910,108,서울,2020-06-29,23.8,11.9,2.4,77.0,991.8,50
911,108,서울,2020-06-30,20.1,64.7,4.0,83.0,984.3,320
912,108,서울,2020-07-01,21.1,0.0,1.9,79.3,995.0,270
913,108,서울,2020-07-02,24.2,,1.9,74.5,1000.9,110
914,108,서울,2020-07-03,25.5,0.1,2.6,63.5,1000.5,50
915,108,서울,2020-07-04,24.2,1.6,2.1,63.9,997.0,270
916,108,서울,2020-07-05,23.8,,1.9,68.6,994.5,250
917,108,서울,2020-07-06,25.6,,2.1,66.6,991.2,270
918,108,서울,2020-07-07,24.1,0.0,2.5,75.5,994.3,270
919,108,서울,2020-07-08,25.5,,2.0,71.9,994.8,270
920,108,서울,2020-07-09,27.5,,1.7,64.6,994.0,110
921,108,서울,2020-07-10,24.5,2.2,2.8,75.0,992.6,50
922,108,서울,2020-07-11,25.8,,2.6,62.6,997.5,50
923,108,서울,2020-07-12,23.5,2.9,2.4,71.9,999.3,70
924,108,서울,2020-07-13,18.7,47.6,4.0,94.8,993.0,70
925,108,서울,2020-07-14,20.3,11.5,2.8,79.4,993.9,50
926,108,서울,2020-07-15,23.4,,2.0,63.1,995.5,50
927,108,서울,2020-07-16,25.0,,1.8,70.9,997.0,270
928,108,서울,2020-07-17,26.0,0.0,1.9,72.0,998.3,250
929,108,서울,2020-07-18,26.1,,1.6,71.6,998.4,270
930,108,서울,2020-07-19,24.0,29.1,2.7,81.6,994.9,50
931,108,서울,2020-07-20,23.8,3.6,3.7,86.3,995.9,200
932,108,서울,2020-07-21,25.0,0.0,1.6,77.0,1001.8,270
933,108,서울,2020-07-22,23.7,11.5,1.6,89.3,999.9,50
934,108,서울,2020-07-23,21.1,103.1,3.6,95.5,995.7,50
935,108,서울,2020-07-24,22.5,2.9,4.6,74.3,989.3,50
936,108,서울,2020-07-25,24.3,0.0,3.1,69.3,993.6,50
937,108,서울,2020-07-26,25.4,0.0,2.0,69.3,997.4,50
938,108,서울,2020-07-27,24.3,2.2,2.2,86.4,998.6,50
939,108,서울,2020-07-28,24.4,0.4,2.0,84.8,1000.5,50
940,108,서울,2020-07-29,23.7,50.1,2.0,95.8,1002.0,50
941,108,서울,2020-07-30,25.3,0.1,2.1,85.5,1003.4,230
942,108,서울,2020-07-31,26.2,1.5,2.0,81.9,1003.9,250
943,108,서울,2020-08-01,25.3,39.1,1.7,90.9,1000.5,230
944,108,서울,2020-08-02,24.9,31.4,2.3,96.3,997.8,180
945,108,서울,2020-08-03,25.0,102.6,3.0,96.3,998.4,200
946,108,서울,2020-08-04,27.0,3.9,3.5,89.3,1000.9,200
947,108,서울,2020-08-05,26.5,18.5,1.9,92.1,1000.8,50
948,108,서울,2020-08-06,24.1,75.7,3.3,92.8,995.4,200
949,108,서울,2020-08-07,24.3,0.0,1.8,85.3,996.9,50
950,108,서울,2020-08-08,24.2,19.1,2.3,89.5,993.2,70
951,108,서울,2020-08-09,24.9,50.3,2.6,95.4,992.5,200
952,108,서울,2020-08-10,26.5,44.6,2.0,91.6,993.8,200
953,108,서울,2020-08-11,24.6,97.0,2.2,92.5,999.6,200
954,108,서울,2020-08-12,27.2,,1.9,83.9,1002.7,50
955,108,서울,2020-08-13,28.0,,2.5,82.4,999.3,200
956,108,서울,2020-08-14,27.1,0.4,3.5,86.1,995.8,200
957,108,서울,2020-08-15,26.1,69.0,1.9,96.0,998.7,200
958,108,서울,2020-08-16,27.4,,3.0,82.6,1001.0,200
959,108,서울,2020-08-17,28.2,,2.3,77.9,1003.7,200
960,108,서울,2020-08-18,27.5,,1.6,76.3,1003.2,270
961,108,서울,2020-08-19,27.1,,2.0,76.8,1001.7,270
962,108,서울,2020-08-20,27.7,,1.7,76.0,1002.4,250
963,108,서울,2020-08-21,26.6,2.5,1.6,83.1,1003.9,50
964,108,서울,2020-08-22,24.3,42.6,2.1,87.4,1002.5,50
965,108,서울,2020-08-23,25.3,,1.9,78.4,998.7,270
966,108,서울,2020-08-24,27.8,,2.2,71.6,995.2,50
967,108,서울,2020-08-25,29.9,,2.1,69.5,995.0,200
968,108,서울,2020-08-26,30.2,0.6,3.4,68.3,992.2,70
969,108,서울,2020-08-27,27.1,8.7,3.6,84.6,991.3,110
970,108,서울,2020-08-28,27.3,13.6,1.6,89.1,997.3,270
971,108,서울,2020-08-29,26.8,13.6,1.3,90.1,999.2,50
972,108,서울,2020-08-30,26.8,42.5,2.1,88.8,1001.6,200
973,108,서울,2020-08-31,26.4,0.0,2.8,77.9,1002.4,50
974,108,서울,2020-09-01,26.6,0.0,1.9,72.4,999.4,110
975,108,서울,2020-09-02,24.3,33.3,2.3,91.3,993.7,50
976,108,서울,2020-09-03,22.7,29.8,4.8,82.0,987.3,200
977,108,서울,2020-09-04,23.3,,2.7,63.9,1002.2,200
978,108,서울,2020-09-05,23.3,,2.0,66.6,1003.5,50
979,108,서울,2020-09-06,21.7,6.4,2.7,80.0,999.3,50
980,108,서울,2020-09-07,19.2,61.0,4.2,93.5,983.1,50
981,108,서울,2020-09-08,23.4,0.0,4.2,71.5,998.7,230
982,108,서울,2020-09-09,21.1,1.3,2.1,83.4,999.9,180
983,108,서울,2020-09-10,22.8,3.9,2.0,75.8,999.1,50
984,108,서울,2020-09-11,22.4,1.2,2.8,72.6,1004.5,50
985,108,서울,2020-09-12,20.2,5.7,2.0,83.8,,50
986,108,서울,2020-09-13,21.5,,1.9,70.4,1005.7,50
987,108,서울,2020-09-14,21.3,0.0,1.8,79.3,1004.4,270
988,108,서울,2020-09-15,23.0,,1.6,76.4,1002.6,50
989,108,서울,2020-09-16,22.5,0.3,1.9,79.9,999.6,180
990,108,서울,2020-09-17,21.3,,2.1,70.3,1000.2,270
991,108,서울,2020-09-18,21.5,,2.8,62.0,1002.7,250
992,108,서울,2020-09-19,21.2,0.3,2.2,59.3,1004.9,250
993,108,서울,2020-09-20,19.7,,2.0,57.6,1007.0,290
994,108,서울,2020-09-21,19.1,,1.7,56.1,1008.1,50
995,108,서울,2020-09-22,20.2,,2.8,55.3,1008.7,50
996,108,서울,2020-09-23,19.2,,3.3,59.9,1008.2,50
997,108,서울,2020-09-24,20.6,,3.7,59.6,1005.3,50
998,108,서울,2020-09-25,20.1,,2.5,64.1,1003.7,50
999,108,서울,2020-09-26,19.3,,2.4,62.5,1006.7,50
1000,108,서울,2020-09-27,20.4,,2.0,63.3,1008.5,50
1001,108,서울,2020-09-28,20.7,,2.0,66.0,1006.5,50
1002,108,서울,2020-09-29,19.6,,1.9,67.6,1001.6,290
1003,108,서울,2020-09-30,19.6,38.3,1.7,78.0,1000.6,20
1004,108,서울,2020-10-01,18.8,,2.1,74.9,1003.4,50
1005,108,서울,2020-10-02,19.2,0.0,2.3,79.6,1004.6,180
1006,108,서울,2020-10-03,19.9,0.0,1.6,72.5,1004.9,270
1007,108,서울,2020-10-04,16.6,0.0,2.8,65.1,1002.7,270
1008,108,서울,2020-10-05,13.3,,2.5,57.3,1007.9,270
1009,108,서울,2020-10-06,14.2,,2.0,55.9,1012.2,290
1010,108,서울,2020-10-07,16.0,,1.9,48.9,1015.8,50
1011,108,서울,2020-10-08,17.2,,3.1,53.0,1016.7,50
1012,108,서울,2020-10-09,17.2,,3.0,53.4,1013.2,70
1013,108,서울,2020-10-10,16.9,,2.0,60.1,1009.7,70
1014,108,서울,2020-10-11,16.9,,1.8,68.5,1006.1,50
1015,108,서울,2020-10-12,16.2,,2.2,68.6,1005.2,250
1016,108,서울,2020-10-13,13.6,,2.2,52.3,1010.7,270
1017,108,서울,2020-10-14,12.8,,2.4,47.0,1014.6,290
1018,108,서울,2020-10-15,11.7,,1.5,41.8,1015.8,50
1019,108,서울,2020-10-16,11.8,,1.5,64.3,1013.7,50
1020,108,서울,2020-10-17,13.1,,1.8,64.3,1013.0,270
1021,108,서울,2020-10-18,13.6,,2.0,65.5,1013.6,20
1022,108,서울,2020-10-19,15.1,,1.7,74.4,1014.7,20
1023,108,서울,2020-10-20,15.2,,1.6,67.1,1015.4,20
1024,108,서울,2020-10-21,14.1,,1.9,69.4,1008.6,50
1025,108,서울,2020-10-22,13.5,0.0,2.8,66.0,1003.5,50
1026,108,서울,2020-10-23,8.6,,3.0,51.5,1004.9,270
1027,108,서울,2020-10-24,8.7,,2.5,47.6,1008.7,270
1028,108,서울,2020-10-25,11.8,,1.7,62.5,1009.9,20
1029,108,서울,2020-10-26,12.9,,1.6,71.6,1009.8,20
1030,108,서울,2020-10-27,14.0,,1.8,74.1,1010.9,270
1031,108,서울,2020-10-28,13.8,,2.5,52.1,1012.6,270
1032,108,서울,2020-10-29,10.8,,2.0,40.3,1013.7,270
1033,108,서울,2020-10-30,11.9,,1.5,42.9,1015.2,50
1034,108,서울,2020-10-31,13.6,,2.6,60.3,1013.9,200
1035,108,서울,2020-11-01,13.7,13.6,2.3,84.3,1009.2,200
1036,108,서울,2020-11-02,10.8,1.7,2.3,58.3,1010.1,270
1037,108,서울,2020-11-03,5.1,0.5,3.5,47.5,1011.9,270
1038,108,서울,2020-11-04,4.9,,2.3,43.9,1015.2,270
1039,108,서울,2020-11-05,9.6,,1.8,61.5,1016.7,50
1040,108,서울,2020-11-06,13.5,,1.7,63.3,1010.9,50
1041,108,서울,2020-11-07,14.6,0.1,2.7,68.8,1007.6,230
1042,108,서울,2020-11-08,8.5,,3.1,43.8,1012.3,270
1043,108,서울,2020-11-09,5.5,,1.8,40.9,1015.2,270
1044,108,서울,2020-11-10,7.7,,2.2,56.1,1017.9,270
1045,108,서울,2020-11-11,9.3,,1.6,53.5,1021.3,50
1046,108,서울,2020-11-12,10.4,,1.7,56.9,1019.9,20
1047,108,서울,2020-11-13,12.2,,1.6,71.5,1018.2,20
1048,108,서울,2020-11-14,12.5,,1.7,66.9,1018.9,50
1049,108,서울,2020-11-15,11.1,,1.7,75.0,1017.1,20
1050,108,서울,2020-11-16,12.4,,1.6,70.1,1015.9,50
1051,108,서울,2020-11-17,15.9,0.1,2.3,67.5,1013.2,70
1052,108,서울,2020-11-18,16.6,12.2,2.6,91.4,1005.5,50
1053,108,서울,2020-11-19,13.6,86.9,4.2,90.5,998.0,270
1054,108,서울,2020-11-20,2.8,0.0,3.2,74.3,1009.3,290
1055,108,서울,2020-11-21,6.5,0.2,2.1,67.9,1013.1,50
1056,108,서울,2020-11-22,5.6,4.8,2.5,80.5,1012.4,270
1057,108,서울,2020-11-23,1.7,,2.3,61.4,1017.8,290
1058,108,서울,2020-11-24,2.9,,1.8,54.5,1018.0,20
1059,108,서울,2020-11-25,4.6,,1.5,64.1,1017.0,270
1060,108,서울,2020-11-26,5.6,,1.7,66.5,1016.5,270
1061,108,서울,2020-11-27,4.1,0.0,2.7,61.6,1015.4,270
1062,108,서울,2020-11-28,-0.1,,2.8,50.0,1018.3,290
1063,108,서울,2020-11-29,-0.6,,2.2,59.6,1019.3,270
1064,108,서울,2020-11-30,-0.2,,1.9,57.8,1024.1,270
1065,108,서울,2020-12-01,1.1,,1.9,44.5,1024.7,290
1066,108,서울,2020-12-02,2.4,,1.8,41.4,1020.2,270
1067,108,서울,2020-12-03,0.7,,2.7,47.1,1019.1,290
1068,108,서울,2020-12-04,-0.6,,1.8,53.8,1019.6,290
1069,108,서울,2020-12-05,2.1,,1.7,63.1,1019.1,20
1070,108,서울,2020-12-06,4.5,,1.8,66.9,1017.4,50
1071,108,서울,2020-12-07,3.4,,2.6,57.5,1017.6,270
1072,108,서울,2020-12-08,-0.5,,2.0,50.0,1018.2,320
1073,108,서울,2020-12-09,1.5,,1.5,55.1,1015.9,50
1074,108,서울,2020-12-10,5.8,0.0,1.7,69.9,1011.8,50
1075,108,서울,2020-12-11,5.3,,1.8,77.1,1009.1,270
1076,108,서울,2020-12-12,2.3,,2.1,51.3,1009.0,270
1077,108,서울,2020-12-13,-1.1,2.9,2.9,74.9,1008.4,270
1078,108,서울,2020-12-14,-7.7,,3.4,49.1,1018.3,290
1079,108,서울,2020-12-15,-8.3,,2.8,43.0,1020.5,290
1080,108,서울,2020-12-16,-8.3,,2.6,43.9,1020.6,290
1081,108,서울,2020-12-17,-4.9,0.0,1.7,47.0,1019.6,20
1082,108,서울,2020-12-18,-2.1,0.2,3.0,57.0,1017.7,50
1083,108,서울,2020-12-19,-5.1,,2.4,45.1,1022.4,270
1084,108,서울,2020-12-20,-3.7,,2.0,50.4,1021.6,270
1085,108,서울,2020-12-21,-1.0,,1.6,64.1,1018.4,20
1086,108,서울,2020-12-22,2.0,,2.0,67.6,1015.3,20
1087,108,서울,2020-12-23,4.5,0.0,2.3,76.6,1011.3,50
1088,108,서울,2020-12-24,2.6,,2.9,61.5,1007.8,270
1089,108,서울,2020-12-25,-0.8,,2.1,51.9,1012.8,250
1090,108,서울,2020-12-26,2.2,,1.8,65.8,1013.5,20
1091,108,서울,2020-12-27,5.8,0.0,1.8,62.9,1011.0,70
1092,108,서울,2020-12-28,6.7,1.3,1.4,72.1,1012.6,50
1093,108,서울,2020-12-29,0.1,0.2,2.9,70.8,1011.0,270
1094,108,서울,2020-12-30,-10.9,,4.1,55.5,1012.5,270
1095,108,서울,2020-12-31,-8.9,0.0,2.4,53.9,1015.4,270
